[
  {
     "capital":"Peshawar",
    "lat":34.068655,
    "lon":71.798655,
    "Allocation":12
  },
  {
     "capital":"Lahore",
    "lat":30.928655,
    "lon":73.568655,
    "Allocation":42
  },
  {
    "capital":"Quetta",
    "lat":30.188655,
    "lon":67.018655,
    "Allocation":15
  }
,
  {
     "capital":"Karachi",
    "lat":24.828655,
    "lon":67.258655,
    "Allocation":41
  },
{
    "capital":"Hyderabad",
    "lat":26.828655,
    "lon":68.258655,
    "Allocation":25
  },
{
    "capital":"Islamabad",
    "lat":33.713618, 
    "lon":73.092769,
    "Allocation":28
  },
{
    "capital":"D.I.Khan",
    "lat":31.829644, 
    "lon":70.898888,
    "Allocation":15
  },
{
    "capital":"Nawabshah",
    "lat":26.244839, 
    "lon":68.398625 ,
    "Allocation":14
  },
{
    "capital":"Multan",
    "lat":30.176154, 
    "lon":71.477745,
    "Allocation":22
  },
{
    "capital":"Gawadar",
    "lat":25.154477, 
    "lon":62.325715,
    "Allocation":35
  },
{
    "capital":"Dassu",
    "lat":35.271246, 
    "lon":73.224268,
    "Allocation":24
  }
]